timeStamp,elapsed,label,responseCode,responseMessage,threadName,dataType,success,failureMessage,bytes,sentBytes,grpThreads,allThreads,URL,Latency,IdleTime,Connect
1763734812468,80,API Add Item,200,OK,TC-044 API Add to Cart 1-1,text,true,,1162,238,1,1,http://localhost:3000/api/cart/mine/items,80,0,5
1763734812566,33,API Add Item,200,OK,TC-044 API Add to Cart 1-2,text,true,,1272,238,1,1,http://localhost:3000/api/cart/mine/items,33,0,1
1763734812665,33,API Add Item,200,OK,TC-044 API Add to Cart 1-3,text,true,,1276,238,1,1,http://localhost:3000/api/cart/mine/items,33,0,2
1763734812766,29,API Add Item,200,OK,TC-044 API Add to Cart 1-4,text,true,,1276,238,1,1,http://localhost:3000/api/cart/mine/items,29,0,1
1763734812866,30,API Add Item,200,OK,TC-044 API Add to Cart 1-5,text,true,,1276,238,1,1,http://localhost:3000/api/cart/mine/items,30,0,1
1763734812967,40,API Add Item,200,OK,TC-044 API Add to Cart 1-6,text,true,,1276,238,1,1,http://localhost:3000/api/cart/mine/items,39,0,1
1763734813066,29,API Add Item,200,OK,TC-044 API Add to Cart 1-7,text,true,,1276,238,1,1,http://localhost:3000/api/cart/mine/items,29,0,1
1763734813165,28,API Add Item,200,OK,TC-044 API Add to Cart 1-8,text,true,,1276,238,1,1,http://localhost:3000/api/cart/mine/items,28,0,1
1763734813266,29,API Add Item,200,OK,TC-044 API Add to Cart 1-9,text,true,,1276,238,1,1,http://localhost:3000/api/cart/mine/items,29,0,1
1763734813365,31,API Add Item,200,OK,TC-044 API Add to Cart 1-10,text,true,,1278,238,1,1,http://localhost:3000/api/cart/mine/items,31,0,1
1763734813466,33,API Add Item,200,OK,TC-044 API Add to Cart 1-11,text,true,,1278,238,1,1,http://localhost:3000/api/cart/mine/items,33,0,2
1763734813565,29,API Add Item,200,OK,TC-044 API Add to Cart 1-12,text,true,,1278,238,1,1,http://localhost:3000/api/cart/mine/items,29,0,1
1763734813665,28,API Add Item,200,OK,TC-044 API Add to Cart 1-13,text,true,,1278,238,1,1,http://localhost:3000/api/cart/mine/items,28,0,1
1763734813765,27,API Add Item,200,OK,TC-044 API Add to Cart 1-14,text,true,,1278,238,1,1,http://localhost:3000/api/cart/mine/items,27,0,0
1763734813867,28,API Add Item,200,OK,TC-044 API Add to Cart 1-15,text,true,,1278,238,1,1,http://localhost:3000/api/cart/mine/items,28,0,1
1763734813965,31,API Add Item,200,OK,TC-044 API Add to Cart 1-16,text,true,,1278,238,1,1,http://localhost:3000/api/cart/mine/items,31,0,1
1763734814064,31,API Add Item,200,OK,TC-044 API Add to Cart 1-17,text,true,,1278,238,1,1,http://localhost:3000/api/cart/mine/items,31,0,1
1763734814165,28,API Add Item,200,OK,TC-044 API Add to Cart 1-18,text,true,,1278,238,1,1,http://localhost:3000/api/cart/mine/items,28,0,1
1763734814265,28,API Add Item,200,OK,TC-044 API Add to Cart 1-19,text,true,,1278,238,1,1,http://localhost:3000/api/cart/mine/items,28,0,0
1763734814370,36,API Add Item,200,OK,TC-044 API Add to Cart 1-20,text,true,,1278,238,1,1,http://localhost:3000/api/cart/mine/items,36,0,1
1763734814468,32,API Add Item,200,OK,TC-044 API Add to Cart 1-21,text,true,,1278,238,1,1,http://localhost:3000/api/cart/mine/items,32,0,2
1763734814566,29,API Add Item,200,OK,TC-044 API Add to Cart 1-22,text,true,,1278,238,1,1,http://localhost:3000/api/cart/mine/items,29,0,1
1763734814668,28,API Add Item,200,OK,TC-044 API Add to Cart 1-23,text,true,,1278,238,1,1,http://localhost:3000/api/cart/mine/items,28,0,2
1763734814768,27,API Add Item,200,OK,TC-044 API Add to Cart 1-24,text,true,,1278,238,1,1,http://localhost:3000/api/cart/mine/items,27,0,1
1763734814872,27,API Add Item,200,OK,TC-044 API Add to Cart 1-25,text,true,,1278,238,1,1,http://localhost:3000/api/cart/mine/items,27,0,1
1763734814966,31,API Add Item,200,OK,TC-044 API Add to Cart 1-26,text,true,,1278,238,1,1,http://localhost:3000/api/cart/mine/items,31,0,1
1763734815069,27,API Add Item,200,OK,TC-044 API Add to Cart 1-27,text,true,,1278,238,1,1,http://localhost:3000/api/cart/mine/items,27,0,1
1763734815170,27,API Add Item,200,OK,TC-044 API Add to Cart 1-28,text,true,,1278,238,1,1,http://localhost:3000/api/cart/mine/items,27,0,1
1763734815265,28,API Add Item,200,OK,TC-044 API Add to Cart 1-29,text,true,,1282,238,1,1,http://localhost:3000/api/cart/mine/items,28,0,1
1763734815369,33,API Add Item,200,OK,TC-044 API Add to Cart 1-30,text,true,,1282,238,1,1,http://localhost:3000/api/cart/mine/items,32,0,1
1763734815467,29,API Add Item,200,OK,TC-044 API Add to Cart 1-31,text,true,,1282,238,1,1,http://localhost:3000/api/cart/mine/items,29,0,0
1763734815566,28,API Add Item,200,OK,TC-044 API Add to Cart 1-32,text,true,,1282,238,1,1,http://localhost:3000/api/cart/mine/items,28,0,1
1763734815669,27,API Add Item,200,OK,TC-044 API Add to Cart 1-33,text,true,,1282,238,1,1,http://localhost:3000/api/cart/mine/items,26,0,1
1763734815767,29,API Add Item,200,OK,TC-044 API Add to Cart 1-34,text,true,,1282,238,1,1,http://localhost:3000/api/cart/mine/items,29,0,1
1763734815873,30,API Add Item,200,OK,TC-044 API Add to Cart 1-35,text,true,,1282,238,1,1,http://localhost:3000/api/cart/mine/items,30,0,1
1763734815968,28,API Add Item,200,OK,TC-044 API Add to Cart 1-36,text,true,,1282,238,1,1,http://localhost:3000/api/cart/mine/items,28,0,1
1763734816064,29,API Add Item,200,OK,TC-044 API Add to Cart 1-37,text,true,,1282,238,1,1,http://localhost:3000/api/cart/mine/items,29,0,1
1763734816167,26,API Add Item,200,OK,TC-044 API Add to Cart 1-38,text,true,,1282,238,1,1,http://localhost:3000/api/cart/mine/items,26,0,1
1763734816265,33,API Add Item,200,OK,TC-044 API Add to Cart 1-39,text,true,,1282,238,1,1,http://localhost:3000/api/cart/mine/items,33,0,1
1763734816366,41,API Add Item,200,OK,TC-044 API Add to Cart 1-40,text,true,,1282,238,1,1,http://localhost:3000/api/cart/mine/items,41,0,1
1763734816468,36,API Add Item,200,OK,TC-044 API Add to Cart 1-41,text,true,,1282,238,1,1,http://localhost:3000/api/cart/mine/items,36,0,1
1763734816568,28,API Add Item,200,OK,TC-044 API Add to Cart 1-42,text,true,,1282,238,1,1,http://localhost:3000/api/cart/mine/items,27,0,1
1763734816667,27,API Add Item,200,OK,TC-044 API Add to Cart 1-43,text,true,,1282,238,1,1,http://localhost:3000/api/cart/mine/items,27,0,1
1763734816765,32,API Add Item,200,OK,TC-044 API Add to Cart 1-44,text,true,,1282,238,1,1,http://localhost:3000/api/cart/mine/items,31,0,1
1763734816867,27,API Add Item,200,OK,TC-044 API Add to Cart 1-45,text,true,,1282,238,1,1,http://localhost:3000/api/cart/mine/items,27,0,1
1763734816965,34,API Add Item,200,OK,TC-044 API Add to Cart 1-46,text,true,,1282,238,1,1,http://localhost:3000/api/cart/mine/items,34,0,1
1763734817067,27,API Add Item,200,OK,TC-044 API Add to Cart 1-47,text,true,,1282,238,1,1,http://localhost:3000/api/cart/mine/items,27,0,1
1763734817167,27,API Add Item,200,OK,TC-044 API Add to Cart 1-48,text,true,,1282,238,1,1,http://localhost:3000/api/cart/mine/items,27,0,1
1763734817270,28,API Add Item,200,OK,TC-044 API Add to Cart 1-49,text,true,,1282,238,1,1,http://localhost:3000/api/cart/mine/items,28,0,1
1763734817365,52,API Add Item,200,OK,TC-044 API Add to Cart 1-50,text,true,,1282,238,1,1,http://localhost:3000/api/cart/mine/items,52,0,1
1763734817467,45,API Add Item,200,OK,TC-044 API Add to Cart 1-51,text,true,,1282,238,1,1,http://localhost:3000/api/cart/mine/items,45,0,2
1763734817567,27,API Add Item,200,OK,TC-044 API Add to Cart 1-52,text,true,,1282,238,1,1,http://localhost:3000/api/cart/mine/items,27,0,1
1763734817665,27,API Add Item,200,OK,TC-044 API Add to Cart 1-53,text,true,,1282,238,1,1,http://localhost:3000/api/cart/mine/items,27,0,1
1763734817771,28,API Add Item,200,OK,TC-044 API Add to Cart 1-54,text,true,,1282,238,1,1,http://localhost:3000/api/cart/mine/items,28,0,0
1763734817867,28,API Add Item,200,OK,TC-044 API Add to Cart 1-55,text,true,,1282,238,1,1,http://localhost:3000/api/cart/mine/items,28,0,1
1763734817968,32,API Add Item,200,OK,TC-044 API Add to Cart 1-56,text,true,,1282,238,1,1,http://localhost:3000/api/cart/mine/items,32,0,1
1763734818068,26,API Add Item,200,OK,TC-044 API Add to Cart 1-57,text,true,,1282,238,1,1,http://localhost:3000/api/cart/mine/items,26,0,1
1763734818168,26,API Add Item,200,OK,TC-044 API Add to Cart 1-58,text,true,,1282,238,1,1,http://localhost:3000/api/cart/mine/items,26,0,1
1763734818268,28,API Add Item,200,OK,TC-044 API Add to Cart 1-59,text,true,,1282,238,1,1,http://localhost:3000/api/cart/mine/items,28,0,1
1763734818368,27,API Add Item,200,OK,TC-044 API Add to Cart 1-60,text,true,,1282,238,1,1,http://localhost:3000/api/cart/mine/items,27,0,1
1763734818469,31,API Add Item,200,OK,TC-044 API Add to Cart 1-61,text,true,,1282,238,1,1,http://localhost:3000/api/cart/mine/items,31,0,1
1763734818565,28,API Add Item,200,OK,TC-044 API Add to Cart 1-62,text,true,,1282,238,1,1,http://localhost:3000/api/cart/mine/items,28,0,0
1763734818668,27,API Add Item,200,OK,TC-044 API Add to Cart 1-63,text,true,,1282,238,1,1,http://localhost:3000/api/cart/mine/items,27,0,1
1763734818764,27,API Add Item,200,OK,TC-044 API Add to Cart 1-64,text,true,,1282,238,1,1,http://localhost:3000/api/cart/mine/items,27,0,1
1763734818869,27,API Add Item,200,OK,TC-044 API Add to Cart 1-65,text,true,,1282,238,1,1,http://localhost:3000/api/cart/mine/items,27,0,1
1763734818967,44,API Add Item,200,OK,TC-044 API Add to Cart 1-66,text,true,,1282,238,1,1,http://localhost:3000/api/cart/mine/items,44,0,1
1763734819069,27,API Add Item,200,OK,TC-044 API Add to Cart 1-67,text,true,,1282,238,1,1,http://localhost:3000/api/cart/mine/items,27,0,1
1763734819167,26,API Add Item,200,OK,TC-044 API Add to Cart 1-68,text,true,,1282,238,1,1,http://localhost:3000/api/cart/mine/items,26,0,1
1763734819268,26,API Add Item,200,OK,TC-044 API Add to Cart 1-69,text,true,,1282,238,1,1,http://localhost:3000/api/cart/mine/items,26,0,1
1763734819368,27,API Add Item,200,OK,TC-044 API Add to Cart 1-70,text,true,,1282,238,1,1,http://localhost:3000/api/cart/mine/items,27,0,1
1763734819467,37,API Add Item,200,OK,TC-044 API Add to Cart 1-71,text,true,,1282,238,1,1,http://localhost:3000/api/cart/mine/items,37,0,1
1763734819564,30,API Add Item,200,OK,TC-044 API Add to Cart 1-72,text,true,,1282,238,1,1,http://localhost:3000/api/cart/mine/items,30,0,1
1763734819667,26,API Add Item,200,OK,TC-044 API Add to Cart 1-73,text,true,,1282,238,1,1,http://localhost:3000/api/cart/mine/items,26,0,0
1763734819767,28,API Add Item,200,OK,TC-044 API Add to Cart 1-74,text,true,,1282,238,1,1,http://localhost:3000/api/cart/mine/items,28,0,1
1763734819867,27,API Add Item,200,OK,TC-044 API Add to Cart 1-75,text,true,,1282,238,1,1,http://localhost:3000/api/cart/mine/items,27,0,1
1763734819967,47,API Add Item,200,OK,TC-044 API Add to Cart 1-76,text,true,,1282,238,1,1,http://localhost:3000/api/cart/mine/items,47,0,1
1763734820066,25,API Add Item,200,OK,TC-044 API Add to Cart 1-77,text,true,,1282,238,1,1,http://localhost:3000/api/cart/mine/items,25,0,1
1763734820168,30,API Add Item,200,OK,TC-044 API Add to Cart 1-78,text,true,,1282,238,1,1,http://localhost:3000/api/cart/mine/items,30,0,1
1763734820267,27,API Add Item,200,OK,TC-044 API Add to Cart 1-79,text,true,,1282,238,1,1,http://localhost:3000/api/cart/mine/items,27,0,1
1763734820366,28,API Add Item,200,OK,TC-044 API Add to Cart 1-80,text,true,,1282,238,1,1,http://localhost:3000/api/cart/mine/items,28,0,1
1763734820467,32,API Add Item,200,OK,TC-044 API Add to Cart 1-81,text,true,,1282,238,1,1,http://localhost:3000/api/cart/mine/items,32,0,1
1763734820566,30,API Add Item,200,OK,TC-044 API Add to Cart 1-82,text,true,,1282,238,1,1,http://localhost:3000/api/cart/mine/items,30,0,2
1763734820664,27,API Add Item,200,OK,TC-044 API Add to Cart 1-83,text,true,,1282,238,1,1,http://localhost:3000/api/cart/mine/items,27,0,1
1763734820765,26,API Add Item,200,OK,TC-044 API Add to Cart 1-84,text,true,,1282,238,1,1,http://localhost:3000/api/cart/mine/items,26,0,1
1763734820865,27,API Add Item,200,OK,TC-044 API Add to Cart 1-85,text,true,,1282,238,1,1,http://localhost:3000/api/cart/mine/items,27,0,3
1763734820963,31,API Add Item,200,OK,TC-044 API Add to Cart 1-86,text,true,,1282,238,1,1,http://localhost:3000/api/cart/mine/items,31,0,1
1763734821066,30,API Add Item,200,OK,TC-044 API Add to Cart 1-87,text,true,,1282,238,1,1,http://localhost:3000/api/cart/mine/items,30,0,1
1763734821166,31,API Add Item,200,OK,TC-044 API Add to Cart 1-88,text,true,,1282,238,1,1,http://localhost:3000/api/cart/mine/items,31,0,1
1763734821265,26,API Add Item,200,OK,TC-044 API Add to Cart 1-89,text,true,,1282,238,1,1,http://localhost:3000/api/cart/mine/items,26,0,1
1763734821366,26,API Add Item,200,OK,TC-044 API Add to Cart 1-90,text,true,,1282,238,1,1,http://localhost:3000/api/cart/mine/items,26,0,1
1763734821466,31,API Add Item,200,OK,TC-044 API Add to Cart 1-91,text,true,,1282,238,1,1,http://localhost:3000/api/cart/mine/items,31,0,1
1763734821564,28,API Add Item,200,OK,TC-044 API Add to Cart 1-92,text,true,,1282,238,1,1,http://localhost:3000/api/cart/mine/items,27,0,1
1763734821665,24,API Add Item,200,OK,TC-044 API Add to Cart 1-93,text,true,,1282,238,1,1,http://localhost:3000/api/cart/mine/items,24,0,1
1763734821764,25,API Add Item,200,OK,TC-044 API Add to Cart 1-94,text,true,,1282,238,1,1,http://localhost:3000/api/cart/mine/items,25,0,1
1763734821865,26,API Add Item,200,OK,TC-044 API Add to Cart 1-95,text,true,,1282,238,1,1,http://localhost:3000/api/cart/mine/items,26,0,1
1763734821964,31,API Add Item,200,OK,TC-044 API Add to Cart 1-96,text,true,,1282,238,1,1,http://localhost:3000/api/cart/mine/items,31,0,1
1763734822065,25,API Add Item,200,OK,TC-044 API Add to Cart 1-97,text,true,,1282,238,1,1,http://localhost:3000/api/cart/mine/items,25,0,1
1763734822166,25,API Add Item,200,OK,TC-044 API Add to Cart 1-98,text,true,,1282,238,1,1,http://localhost:3000/api/cart/mine/items,25,0,1
1763734822266,25,API Add Item,200,OK,TC-044 API Add to Cart 1-99,text,true,,1282,238,1,1,http://localhost:3000/api/cart/mine/items,25,0,1
1763734822364,26,API Add Item,200,OK,TC-044 API Add to Cart 1-100,text,true,,1284,238,1,1,http://localhost:3000/api/cart/mine/items,26,0,1
